Senior Citizens|/subjects/355|apap131|apap131|apap126|apap111|apap128|apap102|apap103|ua902.006|ua690.015|ua690|apap384
Medicine and Health Care|/subjects/121|apap131|apap131|apap044|apap048|apap069|apap126|apap127|apap106|apap111|apap128|apap123|apap129|apap102|apap103|apap151|apap159|apap177|apap183|apap202|apap203|apap290|apap315|ger055|ger115|ger117|ger121|ua089|ua652.004|ua680.010|ua629|ua902.006|ua902.012|apap030|apap378
Death Penalty|/subjects/91|apap186|apap186|apap014|apap108|apap110|apap159|apap135|apap188|apap199|apap200|apap204|apap205|apap206|apap208|apap213|apap214|apap196|apap291|apap287|apap298|apap329|apap312|apap313|apap330|apap321|apap324|apap326|apap301|apap304|apap309|apap336|apap337|apap340|apap346|apap347|apap369|apap332|apap371|apap372|apap300|apap377
Criminal Justice and Prisons|/subjects/78|apap186|apap186|apap012|apap014|apap066|apap069|apap078|apap091|apap072|apap073|apap106|apap108|apap110|apap136|apap159|apap135|apap178|apap188|apap164|apap199|apap200|apap204|apap205|apap213|apap298|apap312|apap324|apap346|apap347|ger013|ger003|ua640|mss081|mss120|ua902.024|ua690.015|apap071|apap379
Women|/subjects/27|apap215|apap215|apap002|apap064|apap044|apap045|apap051|apap060|apap041|apap079|apap085|apap128|apap117|apap119|apap123|apap129|apap101|apap102|apap103|apap136|apap137|apap145|apap154|apap170|apap174|apap177|apap183|apap164|apap216|apap203|apap218|apap210|apap339|ua089|ua010.009|ua370|ua600.006|ua680.010|ua629|ua802.008|mss138|mss139|mss035|apap027|apap029|apap031|apap040|ua685|apap030|apap292
Human Sexuality and Gender Identity|/subjects/122|apap215|apap215|apap045|apap051|apap106|apap101|apap185|apap174|apap177|apap164|apap202|apap212|apap292|ua902.006|apap029|ua800.017
Education|/subjects/18|apap215|apap215|apap001|apap002|apap003|apap064|apap046|apap048|apap054|apap065|apap055|apap058|apap097|apap080|apap083|apap085|apap098|apap093|apap099|apap107|apap128|apap116|apap117|apap103|apap137|apap153|apap132|apap135|apap178|apap182|apap164|apap217|apap218|apap209|apap210|apap223|apap339|ger124|ua089|ua650|ua658|ua659|ua902.032|ua902.078|ua902.086|apap036|apap025|apap039|apap030|apap370|ua010.012|apap376|apap302
Albany, New York|/subjects/7|apap215|apap333|apap215|apap333|apap009|apap020|apap001|apap002|apap004|apap005|apap006|apap007|apap008|apap011|apap017|apap064|apap045|apap046|apap051|apap052|apap054|apap065|apap055|apap057|apap067|apap042|apap081|apap082|apap085|apap089|apap090|apap099|apap100|apap072|apap074|apap075|apap106|apap109|apap114|apap115|apap128|apap118|apap120|apap123|apap125|apap129|apap101|apap105|apap156|apap136|apap137|apap140|apap143|apap145|apap151|apap185|apap174|apap177|apap180|apap164|apap166|apap167|apap216|apap219|apap191|apap231|apap292|apap293|apap294|apap316|apap317|apap318|apap320|apap345|ua089|ua659|mss132|mss138|mss019|mss037|ua902.006|ua902.032|ua902.064|apap027|apap031|apap032|apap038|apap039|apap021|ua690|apap030|apap071|apap379|mss071|apap383
African Americans and Civil Rights Organizations|/subjects/64|apap333|apap333|apap008|apap011|apap041|apap096|apap079|apap081|apap072|apap074|apap107|apap116|apap129|apap102|apap136|apap137|apap177|apap164|apap165|apap200|apap219|apap344|apap345|ua611|ua802.008|apap027|apap028|apap040|apap379
Social Activists and Public Advocates|/subjects/6|apap009|apap003|apap004|apap008|apap011|apap064|apap043|apap044|apap045|apap046|apap054|apap055|apap057|apap059|apap061|apap067|apap042|apap096|apap081|apap082|apap099|apap100|apap074|apap126|apap106|apap108|apap111|apap115|apap128|apap116|apap117|apap120|apap123|apap124|apap129|apap130|apap101|apap102|apap103|apap104|apap105|apap136|apap137|apap139|apap145|apap158|apap150|apap151|apap160|apap185|apap174|apap177|apap180|apap187|apap161|apap163|apap164|apap166|apap198|apap200|apap201|apap202|apap218|apap210|apap191|apap192|apap195|apap197|apap288|apap311|apap316|apap317|apap318|apap321|apap322|apap323|apap327|apap339|apap344|apap360|apap368|apap331|ger072|ua902.006|apap025|apap028|apap032|apap039|ua690|apap299|apap310|apap379|apap381|apap383
Public Servants|/subjects/8|apap009|apap063|apap045|apap048|apap056|apap060|apap068|apap070|apap079|apap080|apap084|apap086|apap087|apap088|apap090|apap091|apap092|apap107|apap112|apap115|apap128|apap119|apap103|apap157|apap136|apap145|apap135|apap175|apap178|apap167|apap217|apap201|apap210|apap241|apap231|apap232|apap248|apap223|apap316|apap317|apap319|apap320|apap339|ger024|ger014|ger016|ger053|ger076|ger084|ua590|ua680.010|mss113|mss120|ua902.022|apap026|apap030|apap245|apap071|apap280|apap266
Schenectady, New York|/subjects/9|apap010|apap005|apap017|apap047|apap052|apap053|apap065|apap055|apap061|apap042|apap092|apap095|apap076|apap123|apap124|apap102|apap105|apap144|apap180|apap165|apap218|apap209|apap210|apap211|apap231|apap288|apap308|apap344|ua658|mss137|ua902.010|apap035|apap036|apap028|apap033|apap034|apap022|apap023|apap310|apap380
Labor|/subjects/10|apap010|apap020|apap005|apap006|apap007|apap013|apap016|apap017|apap018|apap019|apap047|apap052|apap053|apap054|apap055|apap062|apap066|apap042|apap077|apap086|apap095|apap099|apap100|apap075|apap076|apap113|apap114|apap115|apap120|apap121|apap122|apap102|apap139|apap143|apap152|apap132|apap165|apap322|apap344|ger014|ger003|ger101|apap035|apap036|apap025|apap033|apap034|apap037|apap038|apap039|apap021|apap022|apap023|apap024|apap050
Conservation and the Environment|/subjects/40|apap004|apap055|apap057|apap061|apap067|apap042|apap097|apap082|apap128|apap116|apap125|apap130|apap103|apap104|apap105|apap139|apap141|apap144|apap145|apap146|apap147|apap158|apap148|apap149|apap150|apap151|apap155|apap160|apap133|apap134|apap168|apap177|apap180|apap187|apap164|apap167|apap217|apap191|apap192|apap197|apap288|apap311|apap323|apap327|ua440.013|ua450|ua680.010|mss025|ua902.028|ua902.064|ua902.065|ua902.068|ua902.009|ua902.010|apap032|ua696.002|ua696.003|apap383
Athletics and Sports|/subjects/41|apap004|apap011|apap080|apap116|apap137|apap217|ua200|ua654|ua659|ua804|ua902.010|apap029|ua746
Architecture|/subjects/42|apap004|apap057|apap067|apap097|apap082|apap107|apap116|apap134|apap167|ger007|ger096|ua331|ua950.005|apap032|ua696.002
Rensselaer County, New York|/subjects/57|apap005|apap017|apap047|apap052|apap055|apap077|apap103|apap156|apap157|apap141|apap150|apap133|apap211|apap192|mss004|mss122|apap037|apap040|apap380
Neighborhood and Community Associations|/subjects/70|apap008|apap011|apap055|apap057|apap061|apap067|apap081|apap082|apap109|apap118|apap129|apap137|apap140|apap158|apap148|apap150|apap185|apap177|apap167|apap198|apap292|apap294|apap344|ua652.004|mss139|ua902.006|apap031|apap032
Ethnic Groups|/subjects/71|apap008|apap011|apap041|apap096|apap079|apap081|apap098|apap072|apap074|apap156|apap136|apap178|apap360|ua607.005|ua611|ua652.004|mss035|mss037|apap027|apap028|apap040|ger032
Africana Studies|/subjects/77|apap011|apap060|apap042|apap093|apap129|apap137|apap135|ua611|ua680.001|apap039
Politics and Politicians|/subjects/106|apap063|apap068|apap097|apap084|apap088|apap157|apap175|apap217|apap241|apap242|apap229|apap230|apap231|apap233|apap234|apap235|apap237|apap238|apap239|apap244|apap240|apap221|apap224|apap225|apap226|apap228|apap255|apap259|apap261|apap267|apap270|apap279|apap285|apap296|apap297|apap252|apap319|apap320|apap307|apap334|apap339|ger072|apap245|apap280|apap266|apap357|apap382|apap283|apap282|apap281|apap269|apap264|apap274|apap263|apap262|apap325|apap258|apap254|apap249|apap243|apap176|apap253
Business and Industry|/subjects/109|apap064|apap095|apap107|apap117|apap201|apap293|apap308|ua630|mss079|mss080|mss082|mss083|mss120|mss122|mss133|mss035|mss034|mss077|mss085|mss086|mss087|mss088|mss089|mss021|mss091|mss092|mss095|mss094|mss096|mss097|mss098|mss099|mss100|mss101|mss024|mss102|mss103|mss104|mss105|mss106|mss107|mss108|mss109|mss110
State University of New York SUNY, Central Administration|/subjects/133|apap046|apap058|apap097|apap080|apap098|apap093|apap099|apap107|apap153|apap223|apap314|ua902.078|apap039|apap030|ua010.012
Military and Armed Conflict|/subjects/170|apap055|apap107|apap112|apap115|apap129|apap105|apap135|apap170|apap177|apap178|apap164|apap219|apap231|apap288|apap344|ger024|ger013|ger014|ger027|ger044|ger084|ger072|ger121|ua802.002|ua950.007|mss004|mss141|ua902.004|ua902.009|apap030|ger032|apap342
Agriculture|/subjects/213|apap061|apap104|apap158|apap151|apap178|ger058|ger101|mss035
Political Science|/subjects/302|apap088|apap135|ger024|ger006|ger010|ger014|ger015|ger021|ger053|ger044|ger082|ger084|ger128|ua440.013|ua902.009|ua680|ua684|ger032
Music|/subjects/307|apap089|apap116|apap209|apap195|apap338|ger023|ger025|ger073|ger122|ua609|mss131|ua902.021
Travel|/subjects/430|apap116|ua580.020|mss141|mss035|mss076|mss090
Native Americans|/subjects/431|apap116|apap130|apap105|apap144|apap178|apap327
Folklore|/subjects/432|apap116|apap338|mss005|ua902.001|ua902.004
Literature|/subjects/763|apap179|apap187|apap191|ger011|ger012|ger025|ger019|ger020|ger027|ger028|ger002|ger004|ger067|ger050|ger051|ger059|ger060|ger063|ger070|ger065|ger066|ger039|ger041|ger045|ger074|ger077|ger078|ger081|ger089|ger092|ger094|ger097|ger098|ger100|ger107|ger110|ger072|ger115|ger116|ua603|ua680.030|ua800.006|ua800.010|mss005|mss132|mss137|mss138|mss019|mss025|mss029|mss030|mss032|mss142|ua680.002
Radio and Television Broadcasting|/subjects/847|apap209|apap211|apap219|apap195|ua902.007|apap376|apap138|mss134|mss135
Art|/subjects/859|apap191|ger007|ger012|ger018|ger061|ger070|ger086|ger096|ger115|ua601.005|ua609|ua601|mss005|mss137|ger032
Economics|/subjects/939|apap223|ger022|ger029|ger005|ger069|ger057|ger036|ger102|ger087|ger109|ger128|ger120|ua613
Anthropology|/subjects/1252|ger058|ger089
Railways|/subjects/1777|mss122|mss129|mss133
Medicare|/subjects/2168|apap181
UAlbany University Development|/subjects/2174|ua700|ua790|ua801|ua190|ua316|ua780
UAlbany Academic Administration|/subjects/2153|ua659|ua580|ua511|ua520|ua530|ua400|ua410|ua560|ua550|ua510|ua531|ua532|ua030
UAlbany Finance & Business|/subjects/2162|ua311|ua310|ua300|ua330|ua360|ua357|ua355|ua340|ua337|ua320|ua314|ua315|ua335|ua351|ua331|ua305
UAlbany Centers & Institutes|/subjects/2147|ua680.003|ua658|ua658|ua680.010|ua680.004|ua680.030|ua680.038|ua651.002|ua652.004|ua652.005|ua653|ua450|ua601.005|ua443|ua444|ua433|ua440.013|ua441|ua600.001|ua540|ua590|ua605.005|ua605.011|ua681|ua685|ua690.015|ua803|ua901.004|ua512|ua680.002|ua445
UAlbany Student Groups|/subjects/2158|ua809|ua805|ua812|ua800.013|ua800.013|ua801.004|ua804|ua950.010|ua950.011|ua950.012|ua950.013|ua901.003|ua806|ua807|ua800.001|ua800.005|ua800.006|ua800.009|ua800.010|ua800.012|ua950.016|ua933|ua813|ua808|ua801.002|ua800.016|ua800.015|ua800.011|ua800.007|ua800.002|ua901.005|ua809.001|ua950.023|ua801.003
UAlbany Reference Collections|/subjects/2155|ua400.004|ua750|ua950.014|ua950.015|ua950.005|ua950.007|ua950.017|ua950.018|ua950.019|ua950.020|ua950.021|ua950.004|ua950.008|ua950.009|ua934|ua936|ua938|ua000.007|ua932|ua950.003|ua937|ua950.001|ua950.002|ua950.006|ua950.022|ua939|ua935|ua000.007|ua941|ua390|ua397
UAlbany Faculty & Alumni Papers|/subjects/2149|ua580.020|ua901.001|ua802.002|ua802.005|ua802.008|ua802.010|ua902.006|ua902.007|ua902.024|ua902.028|ua902.031|ua902.032|ua902.064|ua902.065|ua902.068|ua902.075|ua902.078|ua902.008|ua902.001|ua902.004|ua902.009|ua902.010|ua902.011|ua902.012|ua902.019|ua902.021|ua802.001|ua802.003|ua802.004|ua802.006|ua902.002|ua902.003|ua902.005|ua902.013|ua902.014|ua902.015|ua902.016|ua902.017|ua902.018|ua902.023|ua902.029|ua902.030|ua902.035|ua902.039|ua902.040|ua902.059|ua902.069|ua902.070|ua902.071|ua902.076|ua902.079|ua902.082|ua902.083|ua902.084|ua902.086|ua902.089|ua802.011|ua814
UAlbany Communications & Marketing|/subjects/2161|ua395|ua390|ua335.001|ua391|ua760
UAlbany Task Forces & Committees|/subjects/2140|ua010.013|ua010.005|ua010.003|ua010.001|ua000.008|ua010.012|ua000.006|ua089|ua010.009|ua010.011|ua570|ua696.002
UAlbany Presidential Offices|/subjects/2163|ua020|ua000.003|ua000.002|ua000.005|ua210|ua010.007|ua010.008|ua030|ua040
UAlbany Student Affairs|/subjects/2157|ua380|ua790.004|ua730.007|ua730.008|ua730|ua731|ua732|ua743
UAlbany Schools & Colleges|/subjects/2156|ua415|ua595|ua600|ua680.001|ua640|ua650|ua665|ua670|ua629|ua630|ua680|ua690|ua695
UAlbany Academic Departments|/subjects/2145|ua600.006|ua623|ua624|ua604|ua605.001|ua605|ua606|ua607.005|ua607|ua608.005|ua609|ua625|ua611|ua612|ua613|ua614|ua615|ua616|ua618|ua620|ua621|ua626|ua627|ua628|ua601|ua602|ua603.005|ua603|ua671|ua652.001|ua654|ua656|ua657|ua680.005|ua696.001|ua684|ua696.003|ua600.005
